"HolderAddress","Balance","PendingBalanceUpdate"
"0x000000000035b5e5ad9019092c665357240f594e","1.6E-17","No"
"0x00000000003b3cc22af3ae1eac0440bcee416b40","8.74214927514637","No"
"0x00000000500e2fece27a7600435d0c48d64e0c00","55.4122898151666","No"
"0x00000000a991c429ee2ec6df19d40fe0c80088b8","4.1E-17","No"
"0x007933790a4f00000099e9001629d9fe7775b800","0.00054","No"
"0x01a4ed1dc89a0eac2a57261cfd118cc0a0e1bdbf","590000","No"
"0x046637da419b05d1cb97790cdccd0541b6e5a7d7","949406.819701866","No"
"0x047c7fb3ccd0c15030b9257fb5b2c625ae63468d","3000000","No"
"0x0528b39fdfdcfae0440ed0904508345adfa5bd36","5211983.05472884","No"
"0x05a7b10c01feb1bc5fc0b772b61cb8ad1ff2f429","228793.978930714","No"
"0x05f6875132b910976ee165171b78d7965e0fbf5c","136635.666106075","No"
"0x06a651e60bda7a1929f45dcf9c880cc10b0214b0","4544502.47236701","No"
"0x06c10575da3959f0702b2efd911c8ee2307af5e0","609059.590357606","No"
"0x07507d3abafa1f7fd694938efd90bd6334fe1f27","123467.884682507","No"
"0x0760b489263a4bcd02415d3a5f765a5e09b05a0e","1488824.60778596","No"
"0x090683e081ed5dd5ee5d5ffb502980c443631bba","14408398.360752","No"
"0x093cf8a18437751d849a5fdb6095fd27765d0907","646117.571912867","No"
"0x0b0ed4dbaf85942331fe84e41e4d9103fdff9462","2168831.0095247","No"
"0x0b734913c3e2bd1f653b6450ab25020a2c12bdd5","107054.864071848","No"
"0x0b85bd1e45c84fe62556a7a351a101c9601c2be3","207123.602588983","No"
"0x0bbcc0febe0985bdb63dc68b0cf36afff3354d86","367378.418543266","No"
"0x0bdbb0f5e2d9ff8ca29b4170b5a5d3bdc18aa07e","305151.687825385","No"
"0x0be864dd126689d05ce85cfa2ba465bcda38a0e5","1792041.40758365","No"
"0x0c87fcb7b8e7c1c55819c29a6abd86f336c032ff","685098.378300078","No"
"0x0cf48eedbbe411f4384c0001e777c9770a7076a4","72941.8183704002","No"
"0x0d0b52d74b172ab650646b652360a92503752653","300000","No"
"0x0d0c5b4bfccacbe1f35ef525cf7436453b37f177","371053.982952566","No"
"0x0e4b6cbb814d84fe7fcb0b542355b88e35f77dcd","610380.792104218","No"
"0x0e63da167b4bae4ecc8c72747c8d064c1da5aa5e","777650.500321269","No"
"0x0ec0c25aac069807217cbe9eabae9c54563b350b","0.533485001437953","No"
"0x0efb322a9b425a6b319059c1cceb1da03c328720","256144.890293911","No"
"0x0fa06c0751019f371f4b45b7059a89c0a107f0ec","1000000","No"
"0x1021bd4ee1bf7f80bcab88300f916fa664e1cc29","11340334.569628","No"
"0x1111111254eeb25477b68fb85ed929f73a960582","1E-18","No"
"0x1268c0846dc87b9413143895d03291fb32d7d23e","297974.623279493","No"
"0x13429346aa87976c4dc2984fbd349c2eca2d9e91","4891168.00877588","No"
"0x166db7c64c93183ceebb2ae17bbc3cb97e4cb4e9","147749.818615775","No"
"0x172bf6d50c609928c4e2e57eb05aad32c2cfdfd1","13153506.076133","No"
"0x177f2b2d69abec6dedb17985978abf6d754f46d0","468521.361751686","No"
"0x1927be47d3db90022d76461241b9a0d2591fe1c0","11490361.6390067","No"
"0x1999519ad1fc5fcb26b3922a56aca7563b914fb4","5004469.21110299","No"
"0x1a48c5bbc28747fc3f1e36b948d9b35fe8f98eab","646480.331097629","No"
"0x1a98024504122d9ec286ef8f7a477fb8adfa9a39","5000000","No"
"0x1b0ee87f3973858b0d1d577ecaf99c73a6d95fff","1446980.19545814","No"
"0x1b642580de458fb48b248df600612bfe31897de6","904814.738370183","No"
"0x1c47f4fc37eb29f0353d6214bc4dda352e0d96b4","758813.704417646","No"
"0x1c5a1ea0ec55ee28277db347569750461fb7b0ae","930832.709064739","No"
"0x1c83d5ce103cdb066cd79811d3abee5e838156ab","110442.981489258","No"
"0x1cd0433f283eeecff39daffb4009d0a18898372e","316490.07932715","No"
"0x1d181e7bc93bf1a1a71f44bdfb0665baabed5448","1100960.15577585","No"
"0x1e085995e4c5c8a50a6728008beb6391a9aa93be","540281.81888443","No"
"0x1e8020440096732318470fd79d499080736d4454","118479.142157328","No"
"0x1ebef4bc8774b15186e62f4c6d1f0ec1556dc61a","800000","No"
"0x1fba0d796b978682a55da9f1976d41559b1808f6","648672.74079707","No"
"0x20051a00c2116bf74124f2e4ecca788324cb534a","127770.389527746","No"
"0x20a910b8e5a17b94805e71c73ce6d72778865274","1875379.52219689","No"
"0x21061a605c61cd6594084bc6bebdbbfea39c8d2a","0.14870093225152","No"
"0x212c5da34446cf91d8fd45945f3a87c86561bc8e","2320816.92860066","No"
"0x21f8dde1e270850dba37d489c97717fc0da7bb78","643601.626763242","No"
"0x238b03517a2f27160b10382657ad8f71eb36c51a","404389.074643085","No"
"0x23c140b8c9729feec9405c87a9d87c99d5f3986b","229815.025434366","No"
"0x242d67316e5b10b5d3cceb6f1965bf652db606c7","5100000","No"
"0x24af2be0fc51e429fc16da3667727ba9f4ace55d","3655262.28488875","No"
"0x272fcde0475981d2ae5fa60ff23df30c4602b2af","1924874.76987932","No"
"0x276a5943cb399849d68983300ecd90a5fcc20733","707386.354894246","No"
"0x2798a92271a9b70158fac2bff0d3f695d634165b","93276.1832231082","No"
"0x27d471822014d5b8b75903e94021eec62f8e9779","2500000","No"
"0x2867a896a19e6a965ee463b05a627d6991a5bd94","590232.478488259","No"
"0x290f8719df672d020de0f1363823d7160aa5a543","377140.953296399","No"
"0x29b97b9a126b0d78de403a5248681467192c3abf","476694.245857461","No"
"0x2abc2a932f1cc05e5da5c5705a15bf60e89ba7d5","3340829.43163645","No"
"0x2ad4e08d13b23bbbdf01996f92a89b5f33757f07","186550.381365862","No"
"0x2b2c9ff0153ca89d90a70faac320453b8596ce8b","6102369.53883725","No"
"0x2cbfbd67dfa3c7ec5a60c631f00531171ca088e1","1.42364008351582","No"
"0x2d804382bd9bb00ed11c97cf4eec696f33c67f6f","322515.363768998","No"
"0x2e00d9e3173cac1e2989029b8a1ee407b49a0d6c","0.025202967265625","No"
"0x2f6134a786cf2641787814fd131b78ce546f3716","520955.114996811","No"
"0x2fac67a0a53b8c455024809f7c75df827ba35337","346102.229567172","No"
"0x3078e9565506e2d6724a6a4085f0cf33dfc68d61","16996390.8574083","No"
"0x3111d276765b9adc48e735a81228eb50648abd56","170000","No"
"0x31c580eaa1dc9151988a078a094c930d3419f18e","907828.398630675","No"
"0x3276bae4cb7abea0bc877a48b625c14ad51f0ad5","3213241.73708844","No"
"0x32830c98697c555cbda07b6c9010c251cd80e993","769201.256571241","No"
"0x32b5761bc7978595f535e970fdfdcb4ef3a47c85","0.580457467988159","No"
"0x3349b1e80fa60858413b9bcd587c59030a86b92d","804728.804818732","No"
"0x339c53568f8585562e07c2db0e776614c0f2e1e1","1543862.29505529","No"
"0x33ca1d54161db91c3e11cc952587c261ff511f21","3530057.58483274","No"
"0x3415c4d22dcb1e2442a55c8bd8bcdc47aacc7106","1214073.29747591","No"
"0x34254e13599658df4c04d83b8fc9dcad566e611c","421377.209186517","No"
"0x34777c9eb392259ca4f3ee8e55fa7795629d4811","566230.486119738","No"
"0x3539580eef6aea74f540bbc081ad60ccf9e5ee94","1087359.37956905","No"
"0x3596b5107b5058504a591022250bbe81bc565560","573574.916454835","No"
"0x3674c393a275e1b60097f43afaf424238b7856dc","0.0870903230890337","No"
"0x36e7f8a7e490f6b10f55c985441bbba13e04f5be","954250.416380582","No"
"0x37af21fa5fb0b20c55b5a6b91d1bf8684d91820d","7108811.18574482","No"
"0x37d042e10502388514af0f4520268cc723cf8b71","1548921.15837327","No"
"0x384c285edf5a09b085687266f20813f3a1a06adc","5314524.39890211","No"
"0x385cba44d2c80f3163049ac26db9a0a6a289b847","4854806.86228603","No"
"0x38c556deb5e0717a47ac621a5891252f50d9c87c","4932660.90590563","No"
"0x39074b2b4434bf3115890094e1360e36d42ecbbd","6349174.06917695","No"
"0x392b947c9714e9a92dec886ef9a93cf2ed8cfc38","132844.68076691","No"
"0x398e88728e3768b7e17c909c77f21d383f1dbd31","1881879.92512063","No"
"0x39c30b9effaf1b22025fbc954db120d489abcc74","216002.731451806","No"
"0x39ca731577d1a6ce3a3ee2d301b7fe1a629599fb","630652.331506806","No"
"0x3a8f222ce019d4e9b43257a8b3ea87ba7fbb7910","189844.923770669","No"
"0x3bf555eeef6d74efee3b78861a4574a345a64787","370418.470358241","No"
"0x3c4c15173b83af84b3f417fb1673b30fa55f7681","2257314.61661117","No"
"0x3dcec5909a5878a259cdcbfaa3d0170d757910e7","5993425.64209123","No"
"0x3e4966e46eeb03cae2a4476ceff1c2b562cd7306","2057319.76510522","No"
"0x3f7c5a8bd6c7543e7390dcf77d57f35c13a7c73a","144574.811305968","No"
"0x4063ea1d47afb8ad9078ded574a1523145fd64a9","529556.470243017","No"
"0x4104d8dc233677ce9be1c3b6499fe278f8bc9d97","86688.5932220549","No"
"0x425c003ee236f402ea423c874d158cddcc041fb6","686809.739242126","No"
"0x42695f161c2576bcb4fe0183bff9d804f41a7bbd","1141036.12012914","No"
"0x42716f7d774f04eca78863f13a1d883a80b9cd34","1925347.34613202","No"
"0x43464f6e18b322029eb94fa2ba3618acdecf62c6","145528.309435659","No"
"0x438c9d69292dec02014d1c3a93d53fd5e319be74","5303697.79674348","No"
"0x43b3336180b3512acc831cb8d8a4c69a989fb9a7","429331.171441802","No"
"0x43ce9d3131b9414df11e965f9212d477a1b70189","14789159.9578126","No"
"0x43df810ed31f3ae7854bcd119a034fc0b4628fbc","2192014.38111978","No"
"0x43e351145716525e001b6335ed56be61aa3b3120","255375.866251389","No"
"0x43fde32e04abc823527521c1896044f2f193e553","1495052.56550061","No"
"0x44b9c4302f8beeeff85f9cd00e9d1c698a9c7a4f","1243292.75303367","No"
"0x46227437f24a4e358beae16e8114490dbc64260a","0.410816893321894","No"
"0x46a22ce91e6e3da06509f458deb5ec66dd293efe","2000000","No"
"0x46c7b348f88cfcc69eee65fcb733c319f6b5c40e","1533865.60475473","No"
"0x470e4460736070ebbb235d8730d99a9973377ea9","12634783.5577427","No"
"0x48f47cacfedf1518ca6f8e097224b14399f524dc","1985864.1375603","No"
"0x49822bb99ad8ae257df9ad2c2fdae55684f3ab0f","530435.790842122","No"
"0x4a24e5a6cfbf26fe9b641ed9e3a2f0fda3d71e52","4376181.14428724","No"
"0x4b8ff07e941405146bc719d2ebd2fc9179c67111","13493416.1807318","No"
"0x4c7e6f3091edd5d74e41e0b11b072fb35a662ea5","2587972.52286175","No"
"0x4d47658aa211f2de0a6b2242a8636531971d79e0","959008.250305948","No"
"0x4d8773a6fcda2d6d294cdb9af6a02ce1468a1782","9335871.84359632","No"
"0x4de0d11fc72db9e05b1ed3c4a74363ff0eda2b35","134452.653757006","No"
"0x4df8c0721460505f66bb1daf26df3640e476e523","233924.691446604","No"
"0x4ef0625c44ea5422e1fa1c5510a8e0dfa7cd0629","345682.63896796","No"
"0x4f7ea001bbc38e9a9426c2a4125b40a3dad8cf62","321597.916153797","No"
"0x4f91d67489929b2662f616ba37379748d53c8fc9","1512691.24667036","No"
"0x4fb3b4f3582500ccdaab9f41bfed2a7b0c2c3bbb","7580191.46860602","No"
"0x501815b61be696e06378caf2660d7a263b3adc17","85235.1735560531","No"
"0x50ba2e0190162ab1b108a148991f8442bd9c5a14","386646.493683255","No"
"0x51115f73f927fcf13ef6f27f6baa170156d44489","326930.322743675","No"
"0x51372b6c5dc966dca10b78bdcf0d995249378263","163710.984511055","No"
"0x513e64162b03b473325508e6220ebf7fef3197f8","13210279.0717849","No"
"0x5182b39b87330ad6e2b0061badad32aa379ce7e2","150741.190790615","No"
"0x518bb649f440b30b3fc959a76b2f87e89e47a093","1542968.23981215","No"
"0x51968f0321f9abf49571c64ee2ecf0cfcbe4288e","2919768.93813944","No"
"0x5224b3b9988d002a67666407929c1ae99e9ee0f3","9465399.16438149","No"
"0x5266d7349a2914331c768b32e51214c56aa1229b","606465.848101406","No"
"0x5269efcdf6860dd2fb571e81f274917ff8d10837","688272.337453698","No"
"0x528339625fabd9e921bc54d12276548d806e344e","1544533.3659748","No"
"0x53054252012d5fbd2cb8d5f21f3a1d61cbbe6045","2954460.28020369","No"
"0x534d662dabfd13493e4014fbb736521524358cb4","54457.6548389334","No"
"0x54fb063f08ad01d58fdae27107f0b537e54df36c","777310.236802176","No"
"0x561afc27fe3c06f9f25d40f18a71e69d1bbb1d87","2.0513442E-11","No"
"0x568d19f28d550127577f3c371fc22a5514054968","14796280.9041623","No"
"0x596f9bf286b8969b40dfdd558816e399f93b98d6","5375449.91145992","No"
"0x5a59bd009a0e882a231ae590e2f4ab76fa5889be","0.569202730633984","No"
"0x5a86b8a1f8cbb68b74d2dd10a93e3c07a26d6c0c","260991.070534646","No"
"0x5aad9af6234a17d2b2e143e022418f3a221ea4e7","2209286.99314741","No"
"0x5ad7e3c3c6dbf6ef4424e9c05c1ddc515e4f5100","1307353.55157379","No"
"0x5aefe1d014fd2420ab794894896b60dd13f13e0e","6721945.74937124","No"
"0x5baa688ddffa6b0cff959a8fa06671ceba330a20","150455.30050011","No"
"0x5bbe2ec074a9cd47009217e98f35f159a1983999","3090887.17689836","No"
"0x5c732943e1cd9e2e929a317ee330b04bf1ca8af2","279122.13632369","No"
"0x5ce6568fe1f3e9106e0ad2c64a4bd8b0fa937840","69071.4682976457","No"
"0x5cfd72bcbc603143b65a9e04edfc54570a7b7547","0.937164027938459","No"
"0x5d83192b5a78a55b42d8f9d4cfda6131d102e365","307767.445599777","No"
"0x5e8b3bb10b59d6e5b4147a2d44a34df1ee82f4b9","4724013.43467065","No"
"0x5ef9f94c5708b01d67985e46fd53f15cf0da4d2c","553682.395015745","No"
"0x5f27301af616e9fef85e7b0b347a385cc041b059","4429301.0577788","No"
"0x5f318f9f25bc6a204648e2095cc72e6e13491a0c","3706602.74247518","No"
"0x6096868f9634a09f1b9860a2da884cee09452aba","0.0276513034344989","No"
"0x60b9831ac1ecb2771458a21c77701a740094c0ad","6106275.77617186","No"
"0x60c31640f866cae0f6388e3a492617bb9f6f8363","565317.34544049","No"
"0x60e6822bed80def926d705eb492b22ba05649039","746806.612120588","No"
"0x60fa14fb6d1d2dfac6ec3f3b6410ee7c66a91c61","12856363.4304147","No"
"0x610361b7393a66a22ce3b6debe548d758e43b8e9","2318746.0939155","No"
"0x614c6b727b9e7d581ca80fde60a113c6bdc06794","582097.029298798","No"
"0x62bb8f55b5cf409a1b851ddd79902190322a8dd3","3000000","No"
"0x6389019b603930db94624558598f5f44bab4245f","1549500.63626039","No"
"0x6441f6bc425c3c0ee0025273c9e177e7960932d8","247256.312263345","No"
"0x64623d4892b47f8374c71a7a05647e688c2df8ae","1750000","No"
"0x65066a8bb3547c9be901499cf1871a18ea2027ca","298396.372619488","No"
"0x6559c622c8118e2c1c5ce01ed7ea13a0deb71f5f","5145136.6216519","No"
"0x661362e04874a5c31ed1eee304be55310e3b5859","947199.309719848","No"
"0x66208a8e79c42469d9862e85e3870a9c01894aa1","5213723.54927603","No"
"0x67908205f12d29ecda5becaaf51291e78237f90a","2000000.87130232","No"
"0x68e0389f5678f1f15346a136d3e3096a84040c9c","806686.164263791","No"
"0x6a17ee8c5a99ad569c3290c11d679ab44537e939","421447.758801709","No"
"0x6ac4ba02d11d5450906acfdd8e2db5ed6f398e2f","3705548.35513702","No"
"0x6b0acbf4b2fa151609491b2fa136a01aae0d593f","438493.467255975","No"
"0x6c58b7e21e69743b2ac0b6ddc23bc4c7c8dd7478","677172.554665613","No"
"0x6ca9d147e2f64e45b0bb4f83962f179f66c883ab","1261375.69307704","No"
"0x6e4d6a6a21de69166479aa88ac7a54f5d9750f64","10444640.8592293","No"
"0x6e864e4d78a87d8e043f7574cdc0e0c3e2f5afa7","139499.178115899","No"
"0x6f5daef1ba99a766dcb034ff9b92a985543b425e","294164.911783779","No"
"0x70de6c9770c586c3717ffa9b2fbb98e5ceda9c92","209674.547039307","No"
"0x711eeba10fc90098e2b32d4a8d97af68f406e65d","366532.131739977","No"
"0x724e5347595278745be8bca9bd539d529567609f","675936.130046529","No"
"0x7269ff8f634da447328782383c84280b9e0743af","189129.292485285","No"
"0x73225a55d13f2f49a0f9160185c558aec4992f95","3371128.54314536","No"
"0x74145c8b35f16ee765b3e265ac1154ee148d6acf","219685.610497512","No"
"0x74afb95d6009ae84151c3b311154f0fa98f0ed1b","1668892.86162293","No"
"0x7689507a801d5d5cb635ac392e3ebe2a094f6727","1000000","No"
"0x76a0984a6452241466b6f926f34c3388ceb7a35b","3071393.75023093","No"
"0x799c3ee6d7749930c89bb9bf1fae0483b9242b67","958972.434610897","No"
"0x79ed49dfb164d945734853e787a8821d968f3537","34713.4746349393","No"
"0x7a3793b3ba766492d867f374cb7e68443de52562","146551.120318283","No"
"0x7a87ed3845d265639e6b80cb6174f69938be128b","6590464.11424556","No"
"0x7b67615a9cc83c8291ff4c0aa7dc8f761710d771","10000000","No"
"0x7b6aecd1cf78257496bfdeaf027d2f969278be25","251360.978265839","No"
"0x7cefe412901cc3c969a4c6333790da367a563a63","4369911.26432568","No"
"0x7cfe71508d2baf439c1dc799306e2da0b9e5d185","1275491.93561782","No"
"0x7db7ae620c4a4a98d9a18973e9d77af033e854b5","0.489409411587767","No"
"0x7dbb4c106b23e145fa9594eddb84aa1773939656","683685.210649334","No"
"0x7ec723b4c7b77e784d188bc18d601b87871a42f7","1172885.07712735","No"
"0x7f04e9ae8a0d921dd3d12a37eb64dc3fdded1f8a","0.306578681509803","No"
"0x7f2ef6bd97e965c4e57c004894cf173ff559b2c0","2342689.98841398","No"
"0x7f5a98b17dae11e0f6463a57221b9324ca49eed3","1860000.00000038","No"
"0x8039c7a2fb2da8ceb5b82a86cf0625c57a2e1f15","9.435703E-11","No"
"0x807c87a64576849c43ce3e91a0a23bbf9a4658b3","722026.776724245","No"
"0x812def2c985de35f160fd0c889f51246b9ecc07e","2.29120543E-10","No"
"0x82565fe670cb58b8ad98b884334445fcdbc1900f","128460.600034885","No"
"0x82997d6629fd80b70eb1d3fbfa755bade32e8b79","219033.186530609","No"
"0x82ada6beccb46fca418ec89fbf1f95f38dbbedcb","530469.907874516","No"
"0x83c2e89b972e7e0d420356e9a7bb18d47a7d22b0","1494811.65708129","No"
"0x83fa79a991da40db1287089391e5091b0c6d2e19","160551.891655931","No"
"0x852a4c5948524649d6f323d739b61ff6aa54f384","5906115.48254852","No"
"0x868255d70a046207bfe85b4650b932c69a10eda3","354973.564133512","No"
"0x86e1a00ea0cce5abbb1b2ea75775d75e772f1634","129098.714126209","No"
"0x87221e2f876917f1abb903f4ccad04622b48238c","727965.611366729","No"
"0x87ee56f3be9185bd2042b5d3106240d26dae434b","6855448.74336819","No"
"0x88094b0f97fc49a87fcc7e972c95039eaeab0326","374395.97494376","No"
"0x882fb59c07b7bfa56d4e2ddc3d81f3ab5cbd2092","11708526.172513","No"
"0x8833508e07ae50748c103edfe804d7346f48c1b7","8169202.45943395","No"
"0x883e3b05cfe5ebde221264b20a82925b4d595354","2853705.11545098","No"
"0x88628e8fbcd04838955b2db1f485ea82ea62da89","3208843.01156951","No"
"0x88a88f2a523e267e907afd8d8fafa1e684bfa995","1153233.06185806","No"
"0x89b9956d3d20b33cc276542a182165caffb8c57d","5289580.89012266","No"
"0x89d7724b810952f1f797a9b248e3391bd8b663d6","5156673.42127985","No"
"0x8bb72a751f6c97fc7a195e83f08e64483040e712","1530913.03368539","No"
"0x8bf23542fad297d106f37ac7f65c38ecf28da39a","429465.073754361","No"
"0x8c2d18745e40681b585ddc82d2665b9073505a82","980628.747126231","No"
"0x8d01cb75d42b08b403d9bcbb79a895c86cac1dca","160981.072598177","No"
"0x8d32ebbae7f45724fac9e90a574cf37964556a33","442730.371526085","No"
"0x8e9e7f5b31dcab4ed2d9c3faaa7ae14ad1d40af0","769569.866119349","No"
"0x8eeb117c067948dde75fa9e71887a16d84c97cc3","707729.941994029","No"
"0x8f0592cadaae3a976f462fa3fc4f0a7e76a30145","1680493.22786798","No"
"0x8f46b13030da6062d39eaf5adca9d95f787af4ba","0.217303330493978","No"
"0x902dc1d8a22023369113f37545684879f4453c02","65716.1703482707","No"
"0x909a2efd79754a587fd654944bf1b8ae7fd7d2d1","638770.525946852","No"
"0x9124605ed746425a9b10e471d1207b1de9d98e3a","649521.680299281","No"
"0x919499bc3a7df8a9918b86158c2d6e2dc05af386","1064976.63336761","No"
"0x91977592fc11fc782dc25cf7e661575695d84956","2963239.59698361","No"
"0x92099ca66e54ced010f1b15a5342445867201bb1","170000","No"
"0x92e2b4ea9513ce44b2ce24de6243a4fc5a75cd71","13375229.9592044","No"
"0x9415e204c6861211e5f2bb777a96b7a79af47e35","1992404.43186729","No"
"0x94b52ce06ce6b5d4220491e7a1deae36d27ddf71","2848201.4964468","No"
"0x96146d0b4c45b2bad88cfe451a9d2d57d8cab822","552272.875490978","No"
"0x9625b41b5c87119b916d7a95a560a820cd857f21","232402.032382796","No"
"0x97f4cd25ed106b14abe83f6db10b9b821a519f94","0.130958581313027","No"
"0x983f1ceba38748602036f339f938500018c3921c","574136.718632012","No"
"0x9a8ea2262c2f37afc9ef809f0933f812b722e980","694515.103903228","No"
"0x9ae44c9ad953c828183d189d7587e02cece7cf8e","8971052.26165608","No"
"0x9b0814d90ea4bccd19d450166b35c446005d9fde","312462.381497078","No"
"0x9cdd9650eef80a2a873be9b0fe7dc0473c006b08","5000000","No"
"0x9d3f3ad9faf427f9527166e19ba975b2d6521602","68836.0601287746","No"
"0x9dd9fc1655130441f8c104748b98e3df0210e65f","439429.260365497","No"
"0x9e95c476a154f743d65396b9bc69295d04b3f734","1326401.78470481","No"
"0xa0ad81ac5751d9ce4faacd6268df62abeb19dccb","2000857.88783992","No"
"0xa10bee60b91776c9390292dad1dc04ba55343eb6","2473946.19729345","No"
"0xa10f725beeadb5a7ea653b3f5eecf786642b6fed","2477046.74706784","No"
"0xa1951d750d1754e93269ac73e01485173bdd2f12","1710775.16988283","No"
"0xa2a354d278873374c11dde52614271aec37494d0","418322.338857373","No"
"0xa5de09853775ecf54656f712ee8232058a58bbaf","132289.427472464","No"
"0xa6a91014e545dec4c8818c0121aa10b44d829dff","696865.121223923","No"
"0xa6f231cce63b50ea995d593784c0f048ec88d128","1257830.06464631","No"
"0xa7a8cbf5ae426f26cc3f43a57cbf1031d5acf394","1000000","No"
"0xa7f46e3dd6328cad32c21b11b9c7a0244d7359e4","3386995.35903898","No"
"0xa801e8995e3934a492899955c445370ec3f312cb","1406129.41609035","No"
"0xa869cf3aeed80c2f800d6de265eb8cd4eac7ea4e","148130.773481689","No"
"0xa8bd561c664e37a6bc7ee553a23434a1c4f02304","493761.323475139","No"
"0xa8c086722e279226b32cbffe24942a5ab023c04d","2864719.55804051","No"
"0xa9c26f3b5eec53532acc7cde72da424fee9170af","234462.673483919","No"
"0xaa43ae60830d676dbb1fdcc43a3391f5d0ec5630","4233559.92965416","No"
"0xaaa15472cd8bec8838b9b781c240dd2e7966285d","1054377.86003482","No"
"0xaae1cff62bc5c2e995ae4dec716889d0bad5d004","764730.501887234","No"
"0xabac14918c1a02ed5a661c4ec5c2e6245d4ed4cd","115502.025684142","No"
"0xabea83477132ade6bc0443b1f62ce4d926966216","255788.404411991","No"
"0xacc6da0b10bc90a1aa79099b278b44a550aa61d1","438312.072823994","No"
"0xad2e1fc0bced69aa3c7b9e82dad669e876d1784d","309705.729454621","No"
"0xad58257bf5d7db2b31ed2c8ced1bf3fd2ce8e7b3","1500000","No"
"0xb0789967d265407f6eed8865906d8b8174dc7d85","646679.473205746","No"
"0xb0c5b3b7a6e46b237c2813176ddf107b592f6314","182585.433728421","No"
"0xb0ec35c548affdb391e2ff15beb4028ab245b32c","1130843.57028827","No"
"0xb0ed2f8b6c33a964f07d4deddb0b498709a14f9e","0.549011932145054","No"
"0xb13c1f9e0f10aa41356643bc93ef7f26c1b7b496","1581140.30109465","No"
"0xb256bc0ec538b85ed25ab800d205d0b2673f739c","440246.858507183","No"
"0xb28f24b847fcd94719308345983b1c45e7e1ec85","2288187.8324573","No"
"0xb2af48cd7672ccc2dede72718f1b4c791188d3ff","1068340.01313707","No"
"0xb3aff2b51d939dfd4bc9844cc0c9fbb18c732685","900260.4960354","No"
"0xb4b989c7e13d5c7f45ceec30cfd838399d3f50bb","0.594565501632209","No"
"0xb50f89d3e55ec6d09de7c5ea77c9331146858d8f","954213.964295202","No"
"0xb54b3af64645a06abdbcd8caa4365c44bebccca0","15880.6654814588","No"
"0xb5cbf4ad3e30bbe78929f315cfbd0a9e8da670df","2560076.46769151","No"
"0xb5e630164a2a4f51d341580ba06ab5f05d4a50f1","253713.513462035","No"
"0xb657111ca34672af7658fb08a5692368a8bff9e1","3370560.26155999","No"
"0xb66f5535bcecca59b1aede06ade95030625f5d9b","122105.970953622","No"
"0xb6e0aee496a92caa2ce3fa547a8bbb3793db02ce","4498472.03941351","No"
"0xb74000f2db7cdf3cb7e61dbdabd40934814565b4","83330.4566400369","No"
"0xb7604bf45bd4466416fec43ba160e1540d8adf4b","1497935.80681383","No"
"0xb88b04708e8371c6177c3882e4f08221f82a21c1","1478653.1520678","No"
"0xb9c880402c093c4f94417473c6290772dfcfae7c","0.99266488816416","No"
"0xba6d4472b17b741ccd809076593f44f75240ded0","859125.328834221","No"
"0xbcab230a15ccb74e832fd3805c08b0a8fb02606d","47920.5521566281","No"
"0xbd9b8156b74f2fb47fdafba42efa94abdad9d5f9","914334.057664391","No"
"0xbdd257f891b3ba93ebf6fa19793d3fac3daaf34f","2585063.6903331","No"
"0xbdf623c85db2984a6ceb146a9b47d0b5ef8c4e87","394673.100477435","No"
"0xbe71c1c331b53a9ca8c17cd0b3c0dc9f146de854","6621333.94685598","No"
"0xbf57f1d442e8147dad8840774f66301d04bd2fb7","6.10408637E-10","No"
"0xc03787bdca96c67431ad52300693b9d2e6e9134c","810583.043410071","No"
"0xc115c7a545284399a708d87be435f4d4ed139906","377847.199105759","No"
"0xc329c1b865b8675dd5e37c7ff06308f039be5e81","150285.685806603","No"
"0xc4146fd13dc14c4fc7f21b03e5feedbf8010ec5b","39564395.6982602","No"
"0xc420063a27fe1fa3ab8d77260cd5deb9805d07a8","562766.745642017","No"
"0xc45f18e713c0d40177845b3103acec47fda4bd0a","1241379.59818753","No"
"0xc46e835b72c835dee13bfbe3651dfcda82f28988","941992.859775044","No"
"0xc61b222fd2a5cd0631897e022f9a7dc09e97257e","380385.713705573","No"
"0xc7ae2e3e665011c5df65776b426897508ac50524","356564.563409401","No"
"0xc8055bd194e8904e21b92da3ab36a58f4ce3c2a7","554933.645189","No"
"0xc92f819ebc87ee90006a9542f24c58308a6e6140","104261.76053603","No"
"0xca370907305db1a7d667a80b2282b26037043c7d","686691.714311737","No"
"0xca73c0d56e49e1ba629defcff007497630c3d926","793557.191995356","No"
"0xcb001734cf4b55f9ba43ff1f61c4c03bd0dc9065","570280.116417204","No"
"0xcbfdb4afa03fbddfd10de2e751f7f625236a1f90","535528.833061583","No"
"0xcc0d37da25b9d5045adece0909a102dfedce28c3","1469555.08784655","No"
"0xcc35547ba7462c08f6e377e16e8731a97ae73bdd","74536.5794552518","No"
"0xccee66d02065b3c10e507676913d4446ba1cd4ce","1114963.27021684","No"
"0xcf17a969555ef783fb664e80a31525406f0d0936","8000000","No"
"0xd03973f9d172b0ab403b50543a75a3e3c0229bc1","688791.712074917","No"
"0xd16a1d6795f331fe11e7aee8a43419f273bf2f0b","2486754.24939038","No"
"0xd1ec673da31317e529824c7cc274317bf67ddb55","3041163.52441346","No"
"0xd1ee2bcd8632d489a6e2e1119c8a0de3659c6373","0.176145533366563","No"
"0xd3d68cbe468cf390fea9a175231db20d28cf3d6d","84688262.3888008","No"
"0xd3e20b6a8e63a6a605f2274d849887c79ede8935","13008418.3011264","No"
"0xd422d75ae177529fac3896eb85412b5415165bbc","3659065.34238713","No"
"0xd47d540169c3af346117e48c63493c68c5439fb0","18779.9701899511","No"
"0xd56a3413e4e331a27dce98e334356a687ddbe010","1007240.37607939","No"
"0xd56d02912a09da72883bb4e9ccfabcd3b9acaf51","7368791.17420973","No"
"0xd7babdcd3764051b76a00cf7698fdd409c471b72","721152.238696358","No"
"0xd7e5e9c6a15f688a0014550a01f708a02605f144","382947.457542708","No"
"0xd8c49568b81c03b7f49e86d933feadebe33c0436","638441.601574046","No"
"0xd9139598a3dbe20708f18c78b018cde5aedf2d81","642381.280086308","No"
"0xd9bcf52e6745f51def3d6368a94a38c7c21ef196","0.85309398436454","No"
"0xd9c8aeff0774da87b0f522f0bf0c7fe1828c65b7","0.0178229847259509","No"
"0xda7805fe07842c0c2f4c51ba1c5a8f9317126420","135052.180865428","No"
"0xdab5e27af41d4513d4416b9cda8a8e3ef6f8614f","7585590.46891897","No"
"0xdb069a385b0350d2e06993235669d2496f37952e","137186.940357682","No"
"0xdd9f24efc84d93deef3c8745c837ab63e80abd27","85601.698701454","No"
"0xddf8d3adb2305e6c9ddc70a448f3d571bf4c038e","179644.13670659","No"
"0xde708f275d8c02bba8bf027c95d87b1a5e29eafb","920754.576073527","No"
"0xdfa5801c0f86412f5a8500cf813f9d8b99b01f92","23159184.7988319","No"
"0xe15d8dc0519ba0e69296fe49bf7588ceb805bab5","441022.466911336","No"
"0xe2296fc4ce0c9fadbcd80e698f3735bb95de435b","2098996.33562621","No"
"0xe232dc7b663887760bf6c65b22c0c0601a0ad532","279217.993132122","No"
"0xe2e5fdbb737057769a55ea8b93d4e8cb81ff631b","255116.47006252","No"
"0xe30d2755e7126772d2f2a9529bb9a18be84a9c8f","533729.419415429","No"
"0xe471a7368a5811dae9663823cc2cb9e7c65dda79","689384.408700135","No"
"0xe502b76b9983e0db920746409094946e614d3936","100000","No"
"0xe51a3c23709391177ab6fb5f11b406a2f10a19da","5.82939236E-10","No"
"0xe6472133973da6b78d28e187f92273a3240f6182","14840646.8342592","No"
"0xe778825c1322c94bd7c162309e61daa3ae0b2faa","5104231.51686867","No"
"0xe88ecaa42787d6f111e358fd730f2af61a59362c","10000008.6038264","No"
"0xe8c060f8052e07423f71d445277c61ac5138a2e5","1E-18","No"
"0xe9e83e5bf3d200e48059085b780031002200c100","1E-05","No"
"0xeaa0d37b9e7616799491f0c756b255f25d16b646","738951.463610138","No"
"0xeab774cd126e4fe51e52ab09146c1457541fe13a","69926.2575822902","No"
"0xeb00c80f00ca1585000000b84f00940000ed40e5","1E-18","No"
"0xed52911035250548ade8651ed486b47eae6b7a52","1780851.08126015","No"
"0xedee0cbc8de9e3ebb5c85cb9a272d944de1cb08b","87941.1211429755","No"
"0xee41c7df426219874f6ba82fb8b1227f2a3f03bf","9949448.25742432","No"
"0xf172545a76f02616cd8a427d2b024144fb5140da","1000000","No"
"0xf2e093ff6fd0ac8fa62391a8560f7d4c9f3eebd5","5105631.77850771","No"
"0xf2f6089dd849e4e9de47986d4dd9aa89292269e3","278699.295322328","No"
"0xf367cdaebf001bc973bd50488327c9409b408267","5279522.57896841","No"
"0xf39407b75567938b9cbbd91772d7012d83715158","0.856367849738563","No"
"0xf422c173264dcd512e3cee0db4acb568707c0b8d","40338218.7588319","No"
"0xf42958c2bce83f85519b32dc0507832ebbc804a2","2582385.0297947","No"
"0xf49fc7dd90b7a5058c9081f41c708a43db4c8973","6890288.72183609","No"
"0xf5a26b68bae692c5bcc7ae1dca201d94dcf3be01","76829.1263724781","No"
"0xf5ab0ab447aa5586a86b6b312c0c04c939b5e309","172515.191430766","No"
"0xf6120e730fd6983a1cd087a00e25c5028dd1bbbf","689151.804774376","No"
"0xf6a3f9640ff1ab716f4bc77361f6d41180274f95","472905.320340268","No"
"0xf7503b0f4c42c94459284c195b4eb5526ac14b1e","1200000","No"
"0xf7f3127e1533767436c6a83c00616af983c691d2","7018012.84541139","No"
"0xf9daaab5b517ab1f21e51f393e12ca034442fade","7038890.10522719","No"
"0xfa6a7baafd1105059542d25a154843d8926a711c","449072.163547781","No"
"0xfb0eb9d34bd83a86681e278216d7f85f8a918815","3313540.26740188","No"
"0xfba1a96c576b96d5949ea1c431ceb3a8bf30b75d","330315.444470584","No"
"0xfc0ac47f5ce3f96f6852b5ef5f61a3878c204457","352477.021381824","No"
"0xfc2067140562ff65b104ea6d699c0331d0b7f10a","0.48582015810933","No"
"0xfcbc1ba4c812254fc465bba8f4fd00db87e015c0","211621.668354181","No"
"0xfcdd3b92c83236d27b50ff4ae293068ffdd08797","1369154.41637837","No"
"0xfe22bafbb3151de31e61bd3d232cb02c0a17012f","10566.9601156961","No"
"0xfe567cdf085758ac8027f7692140bd7a496b52c5","1071091.50019246","No"
"0xfe83e3d5096ad14c0afb93047fa840bfc948f358","2227487.06537587","No"
"0xfe95b7a015af9dd500e9107104f33c94529032ff","726719.389345668","No"
"0xfea12ef82f6871afc4daa121b1326e57a4ff0585","25934.5714263754","No"
"0xfed2f08531a44310cb6432e4babcd813a8981f60","4018867.3604973","No"
